split,auc_todas_vars,auc_filtradas,ks_todas_vars,ks_filtradas,tiempo_todas_s,tiempo_filtradas_s
train,0.9546336580030925,0.9254092370317801,0.7782960380232743,0.7042116787403591,1.9,1.2
test,0.8607519294761233,0.7397620167598739,0.6019721597937245,0.37150821442882276,1.9,1.2
oos,0.8683432160029158,0.7575031189985563,0.6063613552574401,0.4312348430688142,1.9,1.2
